idx,time_delta
0,28.054197
1,29.796726
2,7.4058332
3,3.7384958
4,24.764631
5,21.74427
6,16.768188
7,13.940922
8,3.4087071
9,38.27307
10,6.713955
11,9.910657
12,3.4087071
13,10.061228
14,7.6890144
15,8.645638
16,1.0
17,2.3806477
18,18.85165
19,10.125022
20,6.309621
21,7.552602
22,16.088741
23,4.7716265
24,24.691204
25,5.2069125
26,9.521372
27,29.236454
28,7.297242
29,6.3164473
30,15.558603
31,12.529923
32,8.273437
33,27.964062
34,14.704527
35,7.158975
36,26.56712
37,5.9486027
38,24.791988
39,4.099026
40,11.76729
41,19.663177
42,12.373051
43,2.9039516
44,11.083011
45,17.848257
46,1.9168444
47,13.512531
48,26.64822
49,4.6051297
50,7.9608345
51,23.679369
52,19.6583
53,18.027063
54,5.0991426
55,16.476665
56,4.884654
57,5.0787916
58,22.63109
59,8.3399315
60,10.898256
61,17.596283
62,6.408569
63,17.881855
64,15.025375
65,14.467028
66,16.420769
67,1.0
68,9.514537
69,4.1452436
70,9.790291
71,28.718822
72,6.7588763
73,20.354141
74,14.064388
75,10.604728
76,14.739593
77,7.930917
78,19.281277
79,19.008272
80,18.79996
81,19.180962
82,16.852488
83,15.827159
84,4.6225705
85,19.439823
86,11.306157
87,4.6006346
88,1.0
89,1.0
90,9.409996
91,11.637197
92,11.944865
93,4.3473997
94,22.935543
95,5.280225
96,12.615677
97,28.626451
98,5.922408
99,9.839608
100,5.7037992
101,3.9473534
102,9.739957
103,2.433918
104,10.239032
105,6.314549
106,7.731493
107,4.0929513
108,22.892872
109,38.33474
110,17.208323
111,16.36565
112,29.638535
113,14.719207
114,25.331263
115,11.889609
116,19.492226
117,25.984474
118,23.381721
119,1.3736162
120,8.204323
121,17.556654
122,6.2525635
123,6.1337233
124,31.488407
125,11.469559
126,16.784271
127,13.15796
128,11.053059
129,7.298523
130,9.530811
131,27.309391
132,10.644841
133,1.0
134,5.749784
135,14.418466
136,7.4955873
137,3.433092
138,9.593098
139,12.75838
140,20.24379
141,17.898907
142,7.1156425
143,11.809402
144,13.08734
145,11.779615
146,10.009888
147,21.692654
148,29.46813
149,5.5090866
150,38.734352
151,7.4084435
152,23.013987
153,2.7536564
154,1.0
155,34.62017
156,9.335808
157,11.891046
158,18.614513
159,7.1330175
160,7.2837934
161,7.0672736
162,12.836795
163,23.368204
164,15.949661
165,1.0
166,17.988754
167,7.4084435
168,1.0
169,9.630787
170,5.0822487
171,12.472355
172,7.1813307
173,16.718042
174,15.64868
175,31.087847
176,18.471363
177,17.746517
178,8.338024
179,8.843669
180,5.5090866
181,20.606861
182,10.477624
183,5.8093085
184,4.1286287
185,21.548378
186,6.1840067
187,22.475758
188,17.916458
189,18.428488
190,15.281313
191,31.499262
192,21.694498
193,11.130697
194,38.4416
195,27.24408
196,1.0
197,6.9458613
198,9.910622
199,31.948864
200,3.4952478
201,8.174868
202,4.674231
203,19.3726
204,1.0
205,14.205456
206,10.319405
207,5.5125847
208,20.176907
209,17.89051
210,1.0
211,14.435737
212,15.656652
213,24.890667
214,31.49501
215,13.245435
216,19.801638
217,4.157778
218,15.139569
219,5.073262
220,36.34965
221,1.0
222,2.5496993
223,5.3279285
224,25.369534
225,7.0719624
226,16.236502
227,23.80862
228,15.416225
229,2.4092865
230,16.433407
231,8.680803
232,31.368431
233,16.724833
234,5.627451
235,9.37734
236,21.742592
237,20.51793
238,9.197052
239,1.5118148
240,27.297756
241,20.888445
242,10.879673
243,6.1414905
244,6.703235
245,2.883792
246,15.299948
247,19.256329
248,4.2884865
249,13.83643
250,10.695366
251,3.457179
252,12.533668
253,19.032486
254,5.8490076
255,7.2312927
256,29.778683
257,16.514874
258,6.876888
259,5.5558143
260,8.607136
261,15.304056
262,16.709106
263,15.064909
264,18.83526
265,5.891264
266,11.977555
267,1.7222009
268,12.089413
269,24.678804
270,11.509062
271,20.466984
272,24.64488
273,1.0
274,18.83261
275,20.962938
276,4.5817666
277,5.7658315
278,30.328537
279,6.084859
280,3.3642192
281,5.136898
282,24.75645
283,16.634333
284,9.845428
285,16.216145
286,11.826878
287,2.1043537
288,9.553923
289,35.594128
290,8.63429
291,28.50211
292,6.897426
293,16.887842
294,19.612263
295,15.896185
296,4.551177
297,5.9965067
298,17.73052
299,16.038427
300,1.0
301,4.3706574
302,6.044572
303,3.0527027
304,1.8724618
305,21.217804
306,6.0279207
307,9.463686
308,10.020261
309,21.368572
310,4.7229943
311,21.3558
312,6.5643024
313,5.8905506
314,20.905333
315,27.003754
316,29.744728
317,1.0
318,19.907726
319,27.637669
320,3.2146811
321,5.860203
322,20.474487
323,21.710793
324,22.449707
325,7.816625
326,4.224804
327,18.688122
328,1.0
329,20.12445
330,6.4587603
331,18.784864
332,10.181331
333,19.538464
334,4.720747
335,8.408976
336,24.834133
337,7.6601467
338,23.231567
339,2.3774447
340,34.624565
341,18.907917
342,6.9743514
343,35.1744
344,24.525291
345,23.717289
346,6.909286
347,4.9099255
348,6.1419334
349,7.1202936
350,5.338028
351,2.1424277
352,16.99949
353,6.7857428
354,3.403482
355,2.1995564
356,18.295328
357,13.556171
358,3.867303
359,21.804022
360,19.610167
361,11.686697
362,2.848199
363,9.90074
364,5.0717587
365,7.4982777
366,16.689182
367,21.052204
368,8.454094
369,21.50189
370,21.517605
371,28.45116
372,16.07299
373,24.250708
374,7.217808
375,23.52656
376,6.0312467
377,17.274725
378,23.980122
379,20.354053
380,6.9576426
381,10.714635
382,10.94855
383,5.099989
384,34.956787
385,9.912477
386,21.387573
387,13.236002
388,31.842182
389,3.3640442
390,1.0
391,11.626347
392,9.481199
393,12.886169
394,8.667999
395,5.246909
396,10.18158
397,3.3382268
398,28.25719
399,23.190262
400,19.511976
401,12.359012
402,8.844107
403,23.575594
404,6.816228
405,7.9446964
406,7.9846115
407,7.4011655
408,4.763156
409,20.434189
410,31.179916
411,23.225376
412,31.474705
413,7.713236
414,25.385008
415,5.350683
416,16.508566
417,34.642906
418,3.8418517
419,4.908141
420,25.05201
421,1.0
422,5.9787264
423,13.482849
424,26.420378
425,1.0
426,19.037865
427,20.649961
428,4.9949245
429,7.3817816
430,10.454564
431,1.0
432,8.697096
433,6.5810947
434,29.060314
435,8.920431
436,5.8045373
437,5.4595156
438,22.681393
439,11.456928
440,7.5051856
441,6.9718447
442,6.0393095
443,21.213764
444,12.815627
445,12.462189
446,9.472544
447,7.0454197
448,5.276163
449,16.158146
450,7.4331408
451,2.3013744
452,16.47088
453,7.547418
454,16.141376
455,22.824959
456,11.544316
457,8.260161
458,30.368378
459,13.885379
460,11.5935755
461,25.828878
462,18.570364
463,1.0
464,5.047182
465,13.115372
466,7.188775
467,14.932196
468,17.980837
469,7.411458
470,1.0
471,20.119064
472,6.919946
473,6.851392
474,6.0771723
475,22.723135
476,23.229652
477,29.195044
478,19.151054
479,6.7892632
480,22.538923
481,13.128427
482,6.1618004
483,23.305908
484,10.678906
485,2.4527652
486,11.03201
487,6.9101877
488,6.864161
489,13.686033
490,5.2697945
491,6.145462
492,23.199596
493,29.001022
494,26.899456
495,38.758427
496,7.186297
497,28.332386
498,24.550001
499,7.7121353
500,11.799059
501,19.886936
502,2.2361712
503,8.5048065
504,12.054085
505,3.2765007
506,19.60993
507,6.2499294
508,3.0195875
509,1.3679028
510,7.574872
511,6.772232
512,18.74704
513,25.611755
514,4.702448
515,20.519505
516,8.802908
517,5.614213
518,23.04375
519,5.459504
520,9.220821
521,29.420368
522,27.316341
523,26.673176
524,27.543114
525,7.813564
526,8.060772
527,15.563986
528,24.445818
529,12.263323
530,11.420696
531,5.6952047
532,3.9068222
533,16.50656
534,1.9429464
535,5.7851934
536,15.307585
537,4.658311
538,6.5438476
539,13.452075
540,5.2602587
541,22.046919
542,7.00327
543,20.829922
544,6.5136237
545,1.0
546,7.211616
547,15.622889
548,16.294235
549,5.787038
550,5.4246345
551,24.31326
552,4.172382
553,35.958996
554,15.435905
555,1.2532454
556,13.782951
557,6.0395145
558,19.38548
559,19.075478
560,10.598448
561,4.6364517
562,23.427176
563,4.574338
564,15.799511
565,15.905943
566,2.615079
567,14.996806
568,2.3770742
569,23.304375
570,18.109278
571,31.034897
572,12.088212
573,14.703566
574,6.0512047
575,20.354687
576,1.2358909
577,15.68892
578,9.5076
579,15.611899
580,21.479546
581,20.452286
582,14.166749
583,26.437958
584,17.395864
585,6.1690836
586,7.3303995
587,7.5418854
588,11.907612
589,8.004051
590,9.837447
591,11.526026
592,13.649221
593,8.669264
594,11.276916
595,23.227375
596,3.7736983
597,22.025587
598,4.4455166
599,14.01141
600,14.402208
601,18.96265
602,10.0062685
603,7.996269
604,24.355282
605,10.795021
606,5.154669
607,12.43549
608,5.8292446
609,12.630985
610,11.05405
611,19.413483
612,18.610666
613,3.3267379
614,5.3746586
615,11.219508
616,7.7160087
617,10.837629
618,6.331
619,13.519532
620,17.699541
621,15.471524
622,6.856647
623,13.98738
624,7.907959
625,12.582245
626,17.811098
627,15.958327
628,1.0
629,25.065521
630,27.794703
631,10.345594
632,15.499121
633,9.690486
634,14.6273575
635,11.99054
636,19.460485
637,27.795528
638,14.865126
639,21.229092
640,13.433719
641,6.4907923
642,7.9581027
643,9.989763
644,19.73441
645,16.656815
646,34.199146
647,14.112381
648,11.810459
649,6.9348097
650,1.0
651,19.051792
652,9.963554
653,6.8617964
654,15.69068
655,11.8220005
656,9.679331
657,16.865353
658,20.820583
659,18.041677
660,9.939478
661,19.586718
662,13.374875
663,27.272749
664,21.524828
665,3.7040863
666,4.154567
667,4.9919252
668,11.081326
669,11.38382
670,8.405632
671,3.8223724
672,11.713908
673,18.192577
674,9.355176
675,9.790911
676,40.343163
677,5.4579067
678,9.417927
679,5.399269
680,18.665415
681,15.282278
682,5.8963337
683,15.828964
684,6.160775
685,8.350886
686,2.82588
687,29.817856
688,18.041965
689,5.009291
690,16.819508
691,21.624235
692,12.4726515
693,6.396996
694,14.771275
695,19.550198
696,20.414118
697,11.669441
698,13.218368
699,2.189271
700,4.4378448
701,17.191477
702,19.02862
703,5.12946
704,12.897131
705,6.4368377
706,20.037447
707,6.289206
708,14.811638
709,10.363945
710,6.957906
711,1.0
712,23.952072
713,5.165
714,5.220752
715,6.5961018
716,4.1283946
717,19.42033
718,3.5251799
719,17.347424
720,14.124179
721,4.809058
722,10.2908125
723,36.088028
724,24.69357
725,10.015593
726,18.109802
727,1.0
728,3.9583387
729,13.832254
730,16.025352
731,37.138527
732,27.537628
733,1.2911222
734,3.8574638
735,32.24925
736,24.735329
737,37.27983
738,4.903033
739,16.806648
740,28.842293
741,11.191965
742,18.530367
743,10.9436245
744,5.2563553
745,7.124913
746,4.9521437
747,17.574177
748,7.9400816
749,21.4247
750,12.34122
751,8.009846
752,8.900007
753,9.988843
754,3.4705415
755,10.535968
756,12.682106
757,22.114544
758,6.3087234
759,9.886532
760,15.045415
761,22.634544
762,17.16454
763,7.455544
764,3.279376
765,5.491042
766,7.9778166
767,23.179277
768,5.416712
769,10.694139
770,7.851983
771,26.734861
772,8.683485
773,5.586819
774,24.660831
775,34.90035
776,25.997019
777,19.908384
778,17.922497
779,29.459475
780,22.354591
781,13.124064
782,9.056944
783,7.809375
784,8.44898
785,8.656136
786,6.955483
787,18.631763
788,9.4958725
789,11.467201
790,2.992074
791,7.6772785
792,9.813894
793,22.130278
794,7.9543586
795,6.232934
796,1.0140584
797,9.225037
798,14.679745
799,20.32874
800,36.893227
801,24.066343
802,4.8669662
803,17.013203
804,1.9962225
805,15.253522
806,9.166435
807,17.197163
808,12.891317
809,6.1647243
810,5.856164
811,5.117909
812,14.14673
813,5.4186416
814,5.5605683
815,6.9090004
816,12.778429
817,9.978306
818,7.609798
819,16.890789
820,24.644587
821,23.240215
822,25.452288
823,5.1896563
824,5.544185
825,1.3505125
826,12.275615
827,9.855966
828,26.730844
829,10.615137
830,10.015957
831,17.166466
832,32.404716
833,17.446922
834,10.3335495
835,10.11642
836,19.719122
837,6.6340275
838,5.8236694
839,2.8013625
840,17.026999
841,20.531406
842,1.5247602
843,23.846125
844,20.177385
845,24.487598
846,5.4010386
847,5.850954
848,7.733103
849,6.5863214
850,10.882138
851,12.989692
852,14.627314
853,18.85307
854,6.8684826
855,7.1189632
856,8.497707
857,5.9440727
858,22.738054
859,24.355442
860,8.82518
861,11.770506
862,12.877611
863,17.15332
864,15.081602
865,14.878347
866,3.505805
867,21.229275
868,19.30233
869,21.406565
870,6.877696
871,18.063139
872,7.718109
873,6.0971923
874,4.1740623
875,10.529942
876,22.396788
877,5.291619
878,9.308597
879,24.85279
880,1.0
881,13.705029
882,6.403844
883,5.085911
884,1.0
885,19.060154
886,11.685287
887,2.6157782
888,15.721127
889,8.50057
890,15.684443
891,30.554073
892,6.7709746
893,29.200788
894,14.829317
895,28.809284
896,17.97107
897,9.194426
898,8.897066
899,3.04568
900,3.406094
901,4.1454372
902,17.869804
903,2.1476154
904,18.996496
905,11.118508
906,23.983078
907,16.30779
908,18.590494
909,8.4778385
910,6.7572126
911,21.431465
912,4.0913367
913,3.5740137
914,7.8063946
915,9.746054
916,21.844715
917,20.764969
918,7.7664804
919,13.508584
920,16.692768
921,20.407661
922,1.0
923,7.9278502
924,8.342702
925,1.0
926,10.821621
927,2.1229858
928,28.741343
929,15.65961
930,28.619194
931,1.9632759
932,16.117544
933,20.855751
934,1.0
935,33.40806
936,6.184687
937,35.76561
938,4.919546
939,6.0126567
940,32.49022
941,4.232149
942,23.07891
943,9.805445
944,20.33627
945,15.990963
946,18.14143
947,29.856169
948,26.04573
949,10.105079
950,11.339722
951,7.068303
952,7.1403193
953,1.1386156
954,2.7016087
955,23.929379
956,9.873477
957,19.501686
958,17.588661
959,10.607123
960,13.108505
961,9.273449
962,12.580553
963,19.00726
964,1.206295
965,12.975338
966,6.8278337
967,23.04237
968,13.932175
969,25.675606
970,8.278952
971,8.546348
972,8.277439
973,6.311075
974,4.5896826
975,5.8670235
976,37.384567
977,12.975338
978,12.981841
979,13.406792
980,21.748913
981,2.954721
982,5.656415
983,29.208214
984,10.475873
985,8.895835
986,5.9688463
987,28.10228
988,20.111332
989,10.372395
990,6.3618145
991,20.441486
992,16.621662
993,24.018059
994,7.4151964
995,9.293796
996,8.066717
997,8.798057
998,14.706465
999,31.50652
1000,7.967469
1001,7.4838924
1002,26.916393
1003,6.778904
1004,18.841702
1005,3.6780658
1006,11.380547
1007,1.0
1008,1.0
1009,10.150303
1010,5.69137
1011,7.4427614
1012,17.485508
1013,2.124195
1014,31.689972
1015,4.125175
1016,21.214417
1017,7.658446
1018,10.556021
1019,33.155357
1020,22.173332
1021,9.474064
1022,23.712112
1023,7.6169395
1024,20.242107
1025,7.4717884
1026,4.9496245
1027,3.681932
1028,6.65297
1029,5.3753905
1030,4.7379494
1031,28.338575
1032,12.235993
1033,8.799589
1034,7.883865
1035,13.114032
1036,16.857672
1037,4.8094096
1038,3.810894
1039,19.490509
1040,1.7608862
1041,27.191856
1042,23.568727
1043,15.144379
1044,31.88874
1045,22.540007
1046,12.4030285
1047,16.168352
1048,13.076649
1049,30.62786
1050,19.532085
1051,10.8190775
1052,5.293807
1053,14.587619
1054,9.688233
1055,12.682893
1056,3.7620163
1057,8.964312
1058,10.455834
1059,4.3691063
1060,29.546688
1061,11.25428
1062,14.433897
1063,23.14508
1064,11.376075
1065,10.05934
1066,35.847305
1067,14.254471
1068,1.8970203
1069,1.0
1070,24.638494
1071,2.858307
1072,2.2794285
1073,6.4075465
1074,21.923296
1075,11.579013
1076,17.068394
1077,15.309941
1078,14.459729
1079,2.9969873
1080,1.0
1081,7.860708
1082,37.19745
1083,2.415436
1084,9.183276
1085,25.39963
1086,4.724326
1087,20.809435
1088,15.773441
1089,26.325993
1090,14.845494
1091,11.019032
1092,16.78305
1093,1.0
1094,1.2821827
1095,22.793278
1096,17.429127
1097,11.690281
1098,8.21121
1099,10.12212
1100,27.48888
1101,11.019032
1102,12.486962
1103,13.412958
1104,9.947525
1105,4.2248297
1106,19.410063
1107,4.4826474
1108,5.5823107
1109,16.84453
1110,2.7869992
1111,22.017199
1112,13.893135
1113,10.078734
1114,19.15168
1115,13.219124
1116,25.894157
1117,12.784149
1118,12.189855
1119,3.2698755
1120,1.0613549
1121,4.29142
1122,5.2654123
1123,3.723629
1124,21.810005
1125,22.182137
1126,2.9799576
1127,17.371134
1128,32.059193
1129,19.146
1130,16.395512
1131,9.131119
1132,8.2602005
1133,16.914293
1134,15.46719
1135,9.351904
1136,38.09298
1137,13.8888035
1138,22.238062
1139,18.88826
1140,8.072019
1141,4.7568398
1142,6.7881503
1143,1.0
1144,12.015315
1145,6.5499454
1146,22.351294
1147,5.619196
1148,9.273284
1149,25.966759
1150,5.9185553
1151,19.714346
1152,27.458267
1153,7.3985825
1154,29.366373
1155,1.5994084
1156,7.2609096
1157,13.790937
1158,6.978342
1159,3.9080572
1160,10.683329
1161,9.98064
1162,1.0
1163,30.151354
1164,5.01278
1165,22.07249
1166,1.0
1167,9.751089
1168,22.432537
1169,27.325764
1170,13.676296
1171,1.0
1172,20.695105
1173,1.0
1174,3.6813178
1175,17.424948
1176,27.568644
1177,2.90905
1178,1.0403633
1179,28.699505
1180,20.53004
1181,12.291115
1182,11.027201
1183,10.343597
1184,13.335981
1185,8.46942
1186,5.639909
1187,2.5127792
1188,32.81507
1189,12.815975
1190,13.36243
1191,10.992458
1192,12.04787
1193,8.956412
1194,7.577633
1195,6.873273
1196,8.265592
1197,6.127292
1198,12.809132
1199,4.235597
1200,9.348252
1201,19.003162
1202,25.72306
1203,6.5262895
1204,10.826224
1205,10.629658
1206,9.192002
1207,5.9656744
1208,30.361391
1209,24.01772
1210,24.190334
1211,9.94172
1212,9.330883
1213,17.024364
1214,26.861822
1215,32.92536
1216,9.009263
1217,23.682255
1218,23.053503
1219,3.0853412
1220,19.144566
1221,11.484338
1222,5.6981125
1223,21.897844
1224,8.467455
1225,5.787613
1226,3.6155133
1227,10.698814
1228,31.833168
1229,5.793456
1230,21.351408
1231,6.858712
1232,4.0856237
1233,23.32866
1234,10.930735
1235,27.028614
1236,10.747945
1237,18.490973
1238,23.32866
1239,1.0712471
1240,18.340874
1241,24.045181
1242,3.7563887
1243,13.875559
1244,1.0
1245,26.743599
1246,20.714363
1247,8.785114
1248,11.05434
1249,22.778091
1250,28.985025
1251,25.235737
1252,1.0
1253,17.330547
1254,10.144897
1255,4.6975713
1256,6.695217
1257,8.752549
1258,34.498245
1259,14.543096
1260,4.9107633
1261,7.9116874
1262,19.352627
1263,16.499664
1264,26.069502
1265,6.919499
1266,16.083614
1267,15.185539
1268,20.194057
1269,9.419696
1270,20.759018
1271,10.628445
1272,12.701786
1273,3.448162
1274,4.456645
1275,1.0
1276,13.396536
1277,4.3586016
1278,1.0
1279,15.899565
1280,19.648567
1281,6.774348
1282,18.381336
1283,25.107014
1284,22.473938
1285,5.560381
1286,6.2375994
1287,15.42663
1288,6.9481497
1289,10.43803
1290,20.548466
1291,11.895058
1292,9.976789
1293,16.577585
1294,8.140686
1295,6.1010294
1296,13.112998
1297,1.5537357
1298,1.8101816
1299,25.11691
1300,25.51784
1301,7.003442
1302,5.0116606
1303,1.8282537
1304,3.088335
1305,15.63533
1306,15.910099
1307,20.459612
1308,19.377602
1309,18.237259
1310,6.723688
1311,8.149536
1312,29.159931
1313,8.756058
1314,6.035938
1315,13.118672
1316,25.11229
1317,19.609589
1318,6.1541386
1319,10.942499
1320,22.783321
1321,20.385056
1322,19.280024
1323,13.827178
1324,30.89098
1325,11.918898
1326,5.1119065
1327,23.504795
1328,26.615967
1329,25.478558
1330,9.163921
1331,12.891739
1332,2.9821973
1333,8.052946
1334,13.071991
1335,7.1047297
1336,7.1184864
1337,7.2369204
1338,25.33991
1339,4.278146
1340,13.875249
1341,6.194498
1342,11.771212
1343,6.918256
1344,35.51071
1345,2.1916208
1346,9.955703
1347,1.0
1348,14.6211405
1349,13.322798
1350,9.060112
1351,15.45897
1352,3.8610563
1353,15.558151
1354,9.231398
1355,13.263584
1356,17.384495
1357,12.043635
1358,13.89898
1359,17.135668
1360,33.845345
1361,13.180943
1362,4.955037
1363,8.557238
1364,6.2119317
1365,15.13747
1366,10.802177
1367,32.59099
1368,15.385591
1369,7.5421176
1370,34.23848
1371,6.8362875
1372,7.8226404
1373,11.150011
1374,13.614345
1375,34.82389
1376,22.69114
1377,17.91496
1378,8.693471
1379,20.44757
1380,4.62185
1381,3.7075799
1382,18.280998
1383,22.27356
1384,3.7707343
1385,10.352733
1386,17.765171
1387,18.969336
1388,1.0
1389,5.1268396
1390,36.093613
1391,11.17691
1392,1.0
1393,10.219415
1394,2.1438785
1395,7.589693
1396,19.60229
1397,12.423292
1398,18.73579
1399,2.342669
1400,9.202638
1401,12.465708
1402,1.9745631
1403,27.054546
1404,14.77047
1405,11.255276
1406,13.478607
1407,3.320837
1408,11.494205
1409,36.0697
1410,4.976116
1411,9.704966
1412,2.3221972
1413,19.074993
1414,1.0
1415,5.4539223
1416,7.613406
1417,18.117502
1418,17.760117
1419,23.594309
1420,15.6397915
1421,3.265942
1422,1.6692104
1423,26.274357
1424,16.501297
1425,15.680637
1426,19.080807
1427,1.0
1428,26.484213
1429,12.130308
1430,18.464506
1431,31.624493
1432,22.027094
1433,12.736908
1434,8.307294
1435,34.923733
1436,5.984614
1437,4.084444
1438,12.355943
1439,6.706115
1440,13.7345495
1441,15.503513
1442,20.702452
1443,1.0
1444,2.0874395
1445,6.236775
1446,4.240759
1447,16.433172
1448,23.52964
1449,10.364813
1450,26.4925
1451,18.237572
1452,17.69397
1453,22.401476
1454,8.871499
1455,21.147198
1456,22.341398
1457,1.0
1458,4.436491
1459,4.1671324
1460,2.6095705
1461,10.310178
1462,19.240803
1463,12.029791
1464,8.694154
1465,1.7349544
1466,10.209929
1467,4.3896255
1468,28.933016
1469,23.199282
1470,3.9583182
1471,29.521576
1472,31.075207
1473,3.141055
1474,10.976032
1475,25.514084
1476,11.97771
1477,6.283929
1478,4.028758
1479,27.678314
1480,7.8666553
1481,33.961567
1482,17.100847
1483,10.101625
1484,22.883398
1485,25.420364
1486,27.16323
1487,1.0355235
1488,17.429562
1489,18.759815
1490,1.015274
1491,13.241993
1492,26.789139
1493,2.5891228
1494,20.630568
1495,5.2334423
1496,18.79532
1497,26.52018
1498,18.88747
1499,9.629342
1500,19.048454
1501,25.53099
1502,15.822374
1503,11.267223
1504,3.0185819
1505,18.581667
1506,1.0
1507,22.259748
1508,8.654038
1509,14.311596
1510,11.339387
1511,6.9934225
1512,26.790276
1513,1.0
1514,23.160511
1515,1.0
1516,11.782299
1517,8.316561
1518,1.0
1519,7.892479
1520,11.290821
1521,5.765915
1522,19.597778
1523,4.6668205
1524,8.340078
1525,19.05528
1526,10.486037
1527,10.088701
1528,17.92424
1529,13.084662
1530,1.0
1531,14.3280525
1532,19.786377
1533,7.913789
1534,5.5775514
1535,15.048445
1536,5.9047832
1537,6.084434
1538,19.96235
1539,9.71704
1540,7.238987
1541,22.801859
1542,33.906193
1543,6.6651764
1544,9.839624
1545,12.846699
1546,2.3036094
1547,1.0
1548,7.064782
1549,9.828435
1550,26.700356
1551,15.516968
1552,6.3084335
1553,16.668264
1554,14.090388
1555,11.1885395
1556,5.396306
1557,20.7409
1558,4.5734205
1559,20.45916
1560,20.080685
1561,7.8835597
1562,8.246637
1563,15.247038
1564,7.2254343
1565,8.270439
1566,6.336504
1567,11.690004
1568,10.108307
1569,12.69989
1570,3.821313
1571,13.318703
1572,27.587444
1573,23.494057
1574,11.484876
1575,26.004677
1576,4.9784393
1577,29.649235
1578,5.0058203
1579,29.256271
1580,18.356949
1581,24.957344
1582,12.601923
1583,10.058001
1584,4.5946836
1585,9.121309
1586,9.269248
1587,7.388542
1588,3.2755265
1589,8.690632
1590,8.541657
1591,5.266987
1592,13.792032
1593,13.812609
1594,25.598244
1595,1.0561934
1596,20.926155
1597,37.207962
1598,23.98164
1599,1.0
1600,9.092127
1601,5.6778793
1602,5.695408
1603,13.2738905
1604,6.429888
1605,11.739938
1606,37.83509
1607,8.344516
1608,1.0
1609,13.048668
1610,5.6028385
1611,23.751905
1612,16.626556
1613,14.310617
1614,15.980213
1615,4.8809996
1616,20.090376
1617,3.8721948
1618,6.498591
1619,4.440823
1620,15.216809
1621,15.619396
1622,16.389631
1623,13.2028675
1624,24.39935
1625,9.69576
1626,7.8419714
1627,29.090866
1628,7.055643
1629,2.622305
1630,3.8930407
1631,3.2967591
1632,7.406984
1633,1.0
1634,11.808035
1635,21.850033
1636,31.885931
1637,10.376977
1638,7.7325077
1639,7.040595
1640,6.327467
1641,27.243895
1642,15.651302
1643,8.199137
1644,30.26308
1645,34.916336
1646,4.845104
1647,8.308518
1648,11.935482
1649,24.797098
1650,23.688658
1651,4.406576
1652,14.898752
1653,32.33207
1654,4.159497
1655,6.618169
1656,13.637651
1657,16.737045
1658,24.756804
1659,7.0546827
1660,1.931714
1661,13.849169
1662,18.317842
1663,13.743408
1664,10.447407
1665,7.6783733
1666,3.7859805
1667,4.44591
1668,20.89119
1669,20.453766
1670,20.194433
1671,17.357065
1672,1.4483638
1673,9.723052
1674,25.571703
1675,10.572327
1676,8.663694
1677,17.052172
1678,20.045975
1679,29.346136
1680,14.609273
1681,9.888836
1682,17.251633
1683,7.6521955
1684,6.5868254
1685,20.1269
1686,36.708206
1687,4.969733
1688,1.5505838
1689,8.78789
1690,12.38919
1691,6.0709057
1692,1.0053554
1693,13.4050455
1694,4.9325924
1695,25.189674
1696,22.654947
1697,32.644806
1698,1.9303384
1699,26.673393
1700,35.514404
1701,13.248484
1702,22.285467
1703,13.507606
1704,2.5549877
1705,19.998283
1706,8.764572
1707,2.1096592
1708,27.628689
1709,11.54027
1710,13.217315
1711,3.59262
1712,13.916281
1713,20.719316
1714,11.275729
1715,8.870428
1716,4.5886817
1717,17.80877
1718,15.595465
1719,11.544132
1720,14.61533
1721,3.828415
1722,7.680876
1723,20.453766
1724,1.3346739
1725,21.444485
1726,5.373259
1727,1.0
1728,13.112305
1729,9.804266
1730,16.08455
1731,7.37629
1732,16.783302
1733,15.232162
1734,24.80817
1735,6.53793
1736,6.672492
1737,14.6102
1738,14.74631
1739,8.75095
1740,10.964377
1741,18.241669
1742,9.798609
1743,16.685421
1744,7.252964
1745,8.221635
1746,5.5872526
1747,5.0979886
1748,2.8842974
1749,13.610401
1750,7.913658
1751,24.27649
1752,30.083504
1753,3.1750746
1754,3.1355033
1755,17.828989
1756,11.632776
1757,3.281156
1758,8.75095
1759,6.3144517
1760,9.647621
1761,6.396646
1762,33.94372
1763,4.5090475
1764,26.666058
1765,36.387035
1766,21.47224
1767,17.559378
1768,10.007948
1769,11.994689
1770,6.435027
1771,9.135688
1772,13.145156
1773,15.511686
1774,11.563871
1775,26.274979
1776,18.98219
1777,10.505137
1778,11.807443
1779,6.396768
1780,7.99877
1781,24.871265
1782,12.290858
1783,18.486485
1784,11.412331
1785,31.99691
1786,9.0687895
1787,5.4917336
1788,1.0
1789,18.982002
1790,11.2592325
1791,9.180162
1792,6.4174633
1793,12.5214
1794,5.745429
1795,18.999477
1796,9.155121
1797,26.916733
1798,15.791109
1799,24.192247
1800,15.05694
1801,15.015459
1802,12.1128025
1803,23.94202
1804,18.27898
1805,23.5388
1806,7.2284613
1807,15.23996
1808,5.112054
1809,11.473421
1810,6.3560677
1811,16.410316
1812,25.333294
1813,13.540855
1814,25.89766
1815,11.560192
1816,18.098179
1817,7.943781
1818,4.667425
1819,6.9354677
1820,2.6940608
1821,3.8863008
1822,18.767971
1823,16.031189
1824,28.420765
1825,9.913975
1826,4.7615504
1827,3.5200324
1828,8.796688
1829,7.791298
1830,11.598788
1831,2.1984444
1832,18.157518
1833,12.547294
1834,33.289635
1835,7.0635176
1836,7.6244845
1837,24.627716
1838,14.288296
1839,41.21653
1840,10.879512
1841,16.528786
1842,10.597426
1843,1.0
1844,7.2616568
1845,3.209744
1846,5.830528
1847,1.3730624
1848,27.538044
1849,1.7258892
1850,33.329735
1851,4.1794634
1852,3.0551815
1853,7.207155
1854,4.3805113
1855,8.009033
1856,8.995148
1857,16.688961
1858,10.420192
1859,17.671282
1860,7.76749
1861,7.4351254
1862,20.084455
1863,16.831942
1864,18.624592
1865,12.183415
1866,8.392933
1867,15.830193
1868,5.504613
1869,18.781279
1870,13.345812
1871,6.669421
1872,8.189217
1873,5.685645
1874,5.4309106
1875,5.340949
1876,22.59904
1877,9.613999
1878,27.155066
1879,20.33723
1880,6.455031
1881,3.4432752
1882,4.4733872
1883,16.869205
1884,5.6847777
1885,13.002426
1886,3.5701265
1887,10.194538
1888,37.335854
1889,11.814453
1890,8.704454
1891,21.005644
1892,18.446722
1893,29.541307
1894,3.894474
1895,9.070339
1896,22.984604
1897,26.553791
1898,9.705706
1899,7.2227263
1900,13.3407545
1901,12.388568
1902,8.9048195
1903,8.917702
1904,6.1187286
1905,7.336518
1906,27.5279
1907,39.117615
1908,8.591412
1909,6.0252776
1910,13.625181
1911,27.399734
1912,11.725261
1913,7.009918
1914,10.185751
1915,8.1770935
1916,7.241143
1917,5.0522594
1918,12.323372
1919,9.961176
1920,2.0701265
1921,5.5202947
1922,9.206577
1923,5.887783
1924,9.506975
1925,6.673058
1926,3.3592472
1927,14.84343
1928,18.101734
1929,9.782595
1930,11.408561
1931,12.744968
1932,5.3211975
1933,10.145333
1934,26.21638
1935,25.087536
1936,3.4743176
1937,39.629482
1938,1.0
1939,9.048902
1940,14.648031
1941,29.913658
1942,27.034958
1943,30.330633
1944,7.068331
1945,19.747746
1946,12.487793
1947,22.74455
1948,14.264022
1949,8.948087
1950,32.104855
1951,10.757617
1952,11.404208
1953,7.908446
1954,5.886409
1955,10.257739
1956,8.3127
1957,4.491745
1958,8.259325
1959,27.638298
1960,6.7524085
1961,15.748235
1962,19.075796
1963,1.1462774
1964,6.6013513
1965,12.837188
1966,22.291874
1967,7.5285034
1968,6.462083
1969,9.241267
1970,5.182773
1971,9.213553
1972,16.682388
1973,9.188786
1974,27.833763
1975,9.14875
1976,21.409637
1977,14.157824
1978,5.161896
1979,9.948468
1980,10.601116
1981,10.367271
1982,20.480827
1983,21.452423
1984,3.43579
1985,12.582201
1986,5.068421
1987,9.062601
1988,25.843632
1989,7.3271914
1990,14.944163
1991,7.3987503
1992,19.574474
1993,9.369615
1994,14.956477
1995,9.018454
1996,12.655275
1997,13.564049
1998,26.405529
1999,17.222824
2000,19.407934
2001,23.23653
2002,15.37087
2003,24.336033
2004,17.515852
2005,20.161617
2006,3.05118
2007,22.986092
2008,6.4709086
2009,25.060112
2010,2.5271735
2011,20.684921
2012,14.633232
2013,8.9654255
2014,17.855282
2015,7.4929466
2016,10.607432
2017,7.069419
2018,3.61628
2019,5.0226555
2020,8.975434
2021,4.904583
2022,16.998962
2023,11.240284
2024,4.0748644
2025,18.262894
2026,8.787151
2027,11.127765
2028,6.0817885
2029,17.269276
2030,7.616845
2031,2.7802773
2032,12.844234
2033,19.173222
2034,6.79288
2035,22.56613
2036,7.139534
2037,10.0077095
2038,32.45832
2039,8.970383
2040,30.561657
2041,18.239437
2042,6.674814
2043,7.5785303
2044,24.880747
2045,9.358867
2046,3.3364422
2047,8.581161
2048,2.4623652
2049,1.0
2050,8.543182
2051,14.23253
2052,17.99084
2053,14.234493
2054,14.622926
2055,9.706501
2056,24.37917
2057,3.2485766
2058,8.011119
2059,30.567402
2060,9.860235
2061,12.687668
2062,4.600197
2063,34.034985
2064,17.875427
2065,6.829034
2066,11.611314
2067,5.079301
2068,19.695765
2069,35.59309
2070,1.0326948
2071,10.085638
2072,4.0024123
2073,15.088697
2074,29.74383
2075,1.3414192
2076,24.591654
2077,10.871613
2078,2.0658484
2079,16.084774
2080,12.1035595
2081,22.190432
2082,8.7579975
2083,8.7793865
2084,27.891348
2085,6.2975874
2086,12.404217
2087,9.5486765
2088,16.212288
2089,18.94824
2090,10.40114
2091,4.97293
2092,18.023436
2093,17.447859
2094,23.245213
2095,6.082621
2096,18.070286
2097,17.915436
2098,2.8829098
2099,10.144468
2100,7.431674
2101,7.443265
2102,3.8370743
2103,17.072054
2104,11.992083
2105,19.726463
2106,14.06154
2107,18.031794
2108,27.07128
2109,10.323096
2110,12.030481
2111,14.019765
2112,8.684402
2113,26.487896
2114,20.32737
2115,1.0
2116,29.182858
2117,9.123899
2118,2.2021885
2119,21.614624
2120,5.7609024
2121,3.1676912
2122,12.010977
2123,23.594921
2124,1.0
2125,18.738625
2126,5.0289893
2127,30.493206
2128,14.823763
2129,18.109459
2130,21.540813
2131,24.22242
2132,1.0
2133,22.227966
2134,4.3461504
2135,9.975752
2136,10.896601
2137,16.92099
2138,12.932077
2139,3.0011363
2140,8.912394
2141,18.975876
2142,13.702837
2143,16.783936
2144,21.854382
2145,17.377085
2146,10.917901
2147,10.2586355
2148,4.748348
2149,16.544022
2150,6.0370617
2151,7.301943
2152,21.192335
2153,2.238143
2154,24.351349
2155,19.157398
2156,17.011051
2157,8.61176
2158,5.818125
2159,10.243172
2160,36.82783
2161,1.5184278
2162,14.993711
2163,3.4445143
2164,18.160776
2165,6.353267
2166,28.678741
2167,13.565409
2168,11.334888
2169,17.367264
2170,8.153208
2171,14.638205
2172,6.825192
2173,7.712494
2174,11.163239
2175,6.510624
2176,4.7849813
2177,14.515095
2178,17.612541
2179,7.196201
2180,9.879144
2181,24.255133
2182,22.806011
2183,8.826585
2184,6.8921614
2185,14.397121
2186,16.837002
2187,5.9800367
2188,2.311397
2189,2.5568187
2190,7.125415
2191,4.963937
2192,25.223595
2193,17.89793
2194,21.290857
2195,5.3850565
2196,2.7653751
2197,23.08946
2198,11.394344
2199,5.0486126
2200,12.174234
2201,19.018982
2202,30.089882
2203,2.225254
2204,19.926085
2205,15.229407
2206,20.71185
2207,5.0332828
2208,9.696957
2209,3.188137
2210,12.993308
2211,6.6640744
2212,10.915777
2213,22.539997
2214,10.02973
2215,9.076598
2216,22.886951
2217,26.08629
2218,32.425957
2219,9.929844
2220,8.621129
2221,6.563065
2222,19.71828
2223,8.047419
2224,8.584078
2225,8.378601
2226,8.637621
2227,7.1090946
2228,15.028179
2229,22.12928
2230,9.602603
2231,6.7297583
2232,26.1319
2233,16.283175
2234,7.1073313
2235,1.0098362
2236,31.326511
2237,13.442729
2238,29.095226
2239,17.518736
2240,10.903393
2241,18.390354
2242,17.04638
2243,7.588317
2244,5.311386
2245,8.358971
2246,10.279009
2247,11.898601
2248,28.383219
2249,5.3610897
2250,15.619586
2251,16.494793
2252,27.900806
2253,21.578003
2254,34.072037
2255,17.240349
2256,3.8534043
2257,9.795346
2258,5.4111614
2259,17.339523
2260,9.722319
2261,10.383392
2262,8.278885
2263,15.743641
2264,23.706484
2265,15.214355
2266,7.0799084
2267,7.6611805
2268,24.555742
2269,18.341026
2270,13.065424
2271,5.002692
2272,21.054575
2273,40.9653
2274,22.701443
2275,17.256542
2276,11.352951
2277,7.075593
2278,9.123376
2279,6.6861258
2280,16.704718
2281,9.717997
2282,6.4129086
2283,22.239895
2284,6.5165806
2285,22.137959
2286,2.1781025
2287,6.6851177
2288,3.2384205
2289,13.891221
2290,11.882584
2291,10.443611
2292,13.244687
2293,1.3376169
2294,4.264057
2295,6.1157837
2296,2.8469553
2297,14.064198
2298,17.704626
2299,4.9949455
2300,18.39171
2301,20.840729
2302,8.871048
2303,7.2664566
2304,23.507736
2305,12.047844
2306,8.256337
2307,7.670065
2308,25.234001
2309,12.909704
2310,15.198382
2311,9.24251
2312,9.784546
2313,1.8727579
2314,14.311618
2315,10.126806
2316,11.853834
2317,23.382385
2318,10.682228
2319,19.953041
2320,14.068385
2321,2.9994745
2322,4.3967075
2323,9.8339405
2324,11.734413
2325,1.2617302
2326,17.019356
2327,3.3516836
2328,6.1059484
2329,10.219422
2330,25.156458
2331,26.508873
2332,7.2901087
2333,5.017458
2334,24.516193
2335,5.898933
2336,5.7644844
2337,22.827177
2338,5.2492404
2339,8.181959
2340,29.227333
2341,7.460985
2342,14.742028
2343,26.215221
2344,18.761906
2345,27.896046
2346,10.811861
2347,5.9867945
2348,17.652172
2349,7.3618593
2350,25.37965
2351,9.247653
2352,17.808899
2353,5.6748023
2354,5.4234343
2355,17.112328
2356,11.484444
2357,11.490436
2358,26.44163
2359,17.835117
2360,5.0421762
2361,8.997449
2362,21.055674
2363,14.165522
2364,4.3360186
2365,18.04166
2366,14.728399
2367,7.865822
2368,6.1892185
2369,19.70914
2370,4.661706
2371,6.814391
2372,21.63998
2373,17.374775
2374,2.5678484
2375,12.309006
2376,6.4643755
2377,1.8786879
2378,6.302691
2379,8.464718
2380,23.009596
2381,8.840977
2382,7.100666
2383,2.407158
2384,19.468344
2385,6.302618
2386,22.29658
2387,2.4486275
2388,3.1241703
2389,15.886844
2390,35.714104
2391,9.761635
2392,8.808763
2393,20.875145
2394,6.9485016
2395,12.121587
2396,15.973968
2397,8.291221
2398,4.4222403
2399,26.31702
2400,6.964667
2401,25.90535
2402,22.960522
2403,15.547241
2404,6.591812
2405,16.742641
2406,18.000095
2407,2.242083
2408,9.789043
2409,29.515303
2410,20.852486
2411,26.860262
2412,2.8415842
2413,9.967358
2414,9.251449
2415,17.880438
2416,20.96876
2417,8.223858
2418,5.4827766
2419,22.822418
2420,8.628932
2421,6.09196
2422,19.324385
2423,14.453689
2424,12.070865
2425,7.6365886
2426,5.4465227
2427,13.620062
2428,20.236979
2429,33.07575
2430,15.45726
2431,18.823112
2432,15.334957
2433,18.724932
2434,8.469851
2435,9.474162
2436,8.636184
2437,5.327589
2438,5.368766
2439,9.261693
2440,9.039133
2441,25.423025
2442,20.618095
2443,25.966366
2444,23.323711
2445,26.625206
2446,7.706155
2447,7.746215
2448,16.793858
2449,23.680504
2450,21.614143
2451,8.472985
2452,6.2324767
2453,9.366756
2454,4.0829287
2455,5.302123
2456,20.321524
2457,5.594197
2458,5.571686
2459,8.607462
2460,40.590935
2461,10.945431
2462,9.760532
2463,1.0
2464,4.306525
2465,4.415409
2466,23.880508
2467,30.91837
2468,16.791866
2469,5.7158804
2470,6.5679283
2471,12.744601
2472,12.0672035
2473,4.605931
2474,20.182842
2475,9.410133
2476,5.998889
2477,18.697845
2478,15.781759
2479,17.613483
2480,21.821514
2481,11.858501
2482,14.395292
2483,24.418396
2484,19.602959
2485,12.820419
2486,25.60677
2487,12.1135235
2488,7.0994964
2489,1.0
2490,10.033394
2491,6.694907
2492,14.26726
2493,10.041822
2494,2.5436096
2495,7.4057846
2496,8.818738
2497,4.1593943
2498,5.037789
2499,10.551159
2500,2.6447763
2501,5.210166
2502,21.652317
2503,15.610869
2504,10.172326
2505,28.433285
2506,27.143349
2507,11.139548
2508,7.429096
2509,39.586372
2510,8.696606
2511,8.555749
2512,9.673866
2513,13.202091
2514,4.1547155
2515,15.546724
2516,25.355453
2517,15.092864
2518,29.634148
2519,7.132212
2520,2.9043913
2521,12.619934
2522,32.89044
2523,15.235382
2524,8.164253
2525,11.855355
2526,5.484535
2527,4.6930614
2528,10.967485
2529,5.7273693
2530,8.273966
2531,12.250127
2532,2.7938747
2533,7.583022
2534,10.384928
2535,9.625615
2536,13.798819
2537,21.129345
2538,5.3763914
2539,23.696363
2540,18.896336
2541,11.296984
2542,23.048895
2543,12.213409
2544,8.962202
2545,8.6956005
2546,11.973671
2547,8.668668
2548,20.827068
2549,34.126778
2550,17.904575
2551,20.836704
2552,14.936453
2553,3.0255823
2554,5.5131035
2555,10.738018
2556,7.972528
2557,20.397709
2558,2.4305289
2559,10.64612
2560,14.428256
2561,8.54602
2562,6.074587
2563,2.2688599
2564,13.902171
2565,7.4241595
2566,15.012171
2567,32.064037
2568,11.91868
2569,30.89133
2570,16.895527
2571,15.53598
2572,2.472619
2573,9.900199
2574,5.664317
2575,17.59203
2576,12.934251
2577,13.801244
2578,3.567895
2579,7.948218
2580,22.54383
2581,10.899494
2582,2.0885396
2583,2.0820684
2584,5.762392
2585,10.5436
2586,30.89133
2587,8.037482
2588,22.223848
2589,14.644215
2590,7.213302
2591,8.4602375
2592,24.61565
2593,3.4445477
2594,17.971113
2595,4.4536457
2596,7.6459413
2597,9.8159485
2598,24.796944
2599,9.920745
2600,8.188801
2601,9.269798
2602,25.50846
2603,8.684939
2604,20.640633
2605,8.684939
2606,20.775734
2607,8.443148
2608,25.580677
2609,8.072039
2610,23.65025
2611,19.025654
2612,7.8691072
2613,2.807004
2614,1.0
2615,20.524597
2616,12.227034
2617,38.095978
2618,8.027672
2619,23.138014
2620,9.798036
2621,27.218012
2622,2.956112
2623,3.7350388
2624,3.5587234
2625,14.333988
2626,1.0
2627,14.303398
2628,8.067774
2629,7.362408
2630,11.947522
2631,25.318388
2632,4.9430313
2633,19.372707
2634,12.081755
2635,7.761664
2636,16.389372
2637,3.0324583
2638,5.8244953
2639,11.663219
2640,14.222433
2641,20.485815
2642,3.0709648
2643,2.4574904
2644,4.45973
2645,5.7375937
2646,7.5518227
2647,3.0578976
2648,10.408955
2649,12.166082
2650,12.961905
2651,19.303526
2652,5.455083
2653,16.146221
2654,17.43488
2655,3.509265
2656,37.60684
2657,23.357845
2658,22.001339
2659,26.738045
2660,9.505461
2661,21.453705
2662,17.492496
2663,25.772394
2664,23.213009
2665,19.222885
2666,7.337403
2667,6.87015
2668,9.573875
2669,24.463123
2670,22.923525
2671,17.76176
2672,16.714737
2673,13.751769
2674,11.706921
2675,1.926854
2676,1.7236214
2677,1.807703
2678,13.399254
2679,6.7375402
2680,11.990678
2681,7.6846957
2682,28.159424
2683,27.133276
2684,3.24057
2685,31.541656
2686,7.83193
2687,26.166897
2688,19.528996
2689,27.798946
2690,10.243787
2691,10.199144
2692,13.882308
2693,5.2888517
2694,11.267582
2695,8.661197
2696,37.698036
2697,12.341711
2698,33.374435
2699,16.200155
2700,7.564746
2701,8.108112
2702,13.052025
2703,4.7419214
2704,7.3630834
2705,6.9178143
2706,6.8609166
2707,26.552937
2708,5.4218383
2709,23.159245
2710,23.219458
2711,3.0826807
2712,7.3640766
2713,5.582073
2714,1.0
2715,1.0
2716,16.373566
2717,17.234447
2718,15.468519
2719,6.396718
2720,23.717001
2721,25.973831
2722,2.7312865
2723,30.280552
2724,20.084349
2725,2.881504
2726,5.4218383
2727,1.0
2728,4.6660137
2729,32.786144
2730,37.780342
2731,23.921326
2732,16.899788
2733,12.391418
2734,5.3671036
2735,3.1473856
2736,20.260101
2737,6.3912864
2738,7.258441
2739,28.841822
2740,11.283715
2741,7.1944785
2742,20.036652
2743,19.449158
2744,5.3110924
2745,16.578026
2746,4.661479
2747,8.870817
2748,15.687386
2749,7.4076333
2750,3.8242722
2751,6.157409
2752,4.9666376
2753,6.011784
2754,4.6703978
2755,3.3262844
2756,18.912247
2757,19.43237
2758,4.2315497
2759,2.8849878
2760,16.56849
2761,21.417522
2762,1.6859999
2763,20.584963
2764,6.791807
2765,7.768176
2766,3.3565512
2767,6.9599023
2768,18.599678
2769,5.080103
2770,14.041088
2771,21.517376
2772,16.090487
2773,23.51709
2774,8.281706
2775,6.4509916
2776,16.846687
2777,21.727892
2778,4.3460016
2779,7.899976
2780,17.793974
2781,22.771458
2782,22.194494
2783,22.683401
2784,16.095089
2785,3.0818076
2786,6.15281
2787,7.866746
2788,10.764736
2789,8.85166
2790,16.499454
2791,29.530754
2792,20.68251
2793,1.6640153
2794,13.110629
2795,9.5264845
2796,26.247467
2797,5.891111
2798,19.212078
2799,25.83569
2800,9.6351595
2801,23.313412
2802,10.329324
2803,17.388294
2804,1.9213934
2805,15.635338
2806,12.021869
2807,18.035091
2808,16.159819
2809,2.3552303
2810,26.952572
2811,4.3976603
2812,1.0
2813,12.292443
2814,13.841139
2815,37.149513
2816,6.678173
2817,16.057678
2818,9.62468
2819,4.0874414
2820,23.56102
2821,6.019209
2822,22.808079
2823,5.2732706
2824,16.020618
2825,30.86404
2826,3.6942492
2827,32.884495
2828,8.642601
2829,23.509468
2830,11.383578
2831,6.8493376
2832,14.283986
2833,1.9262381
2834,23.481785
2835,21.826
2836,1.0
2837,1.4920835
2838,16.044107
2839,12.618665
2840,1.0
2841,23.673
2842,8.622905
2843,32.114487
2844,4.8338747
2845,14.03167
2846,3.3309546
2847,3.3216236
2848,19.557232
2849,37.2667
2850,28.631317
2851,3.5323963
2852,7.288286
2853,30.449198
2854,7.3924613
2855,17.209389
2856,7.097981
2857,19.79216
2858,9.786913
2859,18.70642
2860,6.9661655
2861,26.04459
2862,4.2326574
2863,9.872216
2864,28.134357
2865,17.500637
2866,10.519719
2867,18.977077
2868,1.4851134
2869,3.440991
2870,17.708683
2871,1.0
2872,4.590629
2873,24.142761
2874,3.4995127
2875,5.5802336
2876,6.296341
2877,18.067623
2878,9.500845
2879,17.436195
2880,3.6608324
2881,19.81993
2882,4.742771
2883,10.340194
2884,18.353249
2885,11.546
2886,16.742676
2887,29.535078
2888,9.852932
2889,14.056726
2890,38.820793
2891,2.030119
2892,25.892124
2893,10.096703
2894,24.34067
2895,25.286806
2896,13.488329
2897,20.514057
2898,2.18016
2899,7.4084888
2900,22.609133
2901,23.362095
2902,10.402767
2903,1.0
2904,9.990042
2905,10.15041
2906,25.200294
2907,5.0940123
2908,17.01727
2909,5.2247033
2910,4.961128
2911,4.5964246
2912,19.370422
2913,27.46571
2914,8.450251
2915,29.14832
2916,5.0332136
2917,8.06089
2918,9.10153
2919,9.7907095
2920,11.2016735
2921,1.0337315
2922,13.966643
2923,23.509022
2924,36.41795
2925,8.031351
2926,6.526167
2927,12.753993
2928,7.337388
2929,5.132272
2930,7.571076
2931,21.211708
2932,9.917963
2933,29.251942
2934,1.0
2935,24.458603
2936,18.163054
2937,4.81487
2938,11.997565
2939,22.739868
2940,3.5841084
2941,3.7036872
2942,2.424902
2943,1.0
2944,10.900572
2945,5.945853
2946,23.51338
2947,23.675797
2948,7.202116
2949,23.870283
2950,7.877186
2951,17.093714
2952,7.7757053
2953,9.872999
2954,5.7026324
2955,8.842854
2956,10.865003
2957,24.034256
2958,2.35083
2959,6.706769
2960,18.554226
2961,19.508003
2962,5.9905276
2963,26.87553
2964,8.495152
2965,9.877451
2966,2.3824463
2967,5.715109
2968,10.068822
2969,12.598128
2970,8.321449
2971,6.6267157
2972,10.197833
2973,9.646338
2974,27.394115
2975,8.950918
2976,21.453781
2977,26.307116
2978,4.4793835
2979,13.373201
2980,38.23363
2981,6.628512
2982,16.515787
2983,7.1507897
2984,7.963234
2985,25.080193
2986,2.7815623
2987,29.316544
2988,8.370142
2989,19.96479
2990,19.217262
2991,9.88806
2992,13.492383
2993,12.418081
2994,29.398209
2995,7.8108664
2996,6.596821
2997,1.7867146
2998,8.178783
2999,5.1943555
3000,11.129967
3001,1.6506252
3002,4.05934
3003,10.850529
3004,15.478149
3005,20.418327
3006,12.900417
3007,28.476357
3008,23.895699
3009,14.347572
3010,6.9337287
3011,18.103962
3012,30.248417
3013,13.006493
3014,11.464524
3015,9.716834
3016,9.190302
3017,5.8481245
3018,17.237843
3019,9.674938
3020,9.311103
3021,8.15293
3022,11.336405
3023,5.080185
3024,20.03096
3025,1.2567911
3026,11.493203
3027,24.338686
3028,9.190519
3029,1.0
3030,6.134164
3031,11.026511
3032,18.465223
3033,17.991236
3034,16.472866
3035,16.056694
3036,20.011316
3037,7.267111
3038,3.4489336
3039,30.578758
3040,16.248646
3041,6.728965
3042,8.750941
3043,21.262478
3044,12.197078
3045,7.6475058
3046,8.774892
3047,7.3018713
3048,9.318509
3049,11.830964
3050,11.738073
3051,20.930212
3052,22.471966
3053,20.799494
3054,6.37724
3055,14.141884
3056,23.977764
3057,2.3241653
3058,7.33822
3059,20.597805
3060,24.674688
3061,4.863077
3062,6.9337287
3063,13.685276
3064,13.688079
3065,16.830841
3066,9.327351
3067,5.147093
3068,28.705626
3069,13.214563
3070,11.669184
3071,6.8493624
3072,6.8417706
3073,1.0
3074,23.6236
3075,3.2404442
3076,13.286439
3077,25.025703
3078,7.3243876
3079,12.146482
3080,6.758836
3081,8.624912
3082,6.874511
3083,38.941288
3084,20.498756
3085,25.098755
3086,30.41091
3087,13.734471
3088,11.316312
3089,1.7036991
3090,22.683615
3091,3.8934193
3092,16.682152
3093,17.061241
3094,7.659459
3095,6.3599606
3096,5.043718
3097,29.771923
3098,16.764267
3099,24.246338
3100,9.200818
3101,1.8722126
3102,15.81785
3103,15.061045
3104,11.978275
3105,11.01949
3106,8.758369
3107,9.997484
3108,13.893704
3109,21.675594
3110,1.9084435
3111,5.67864
3112,6.2626925
3113,16.195608
3114,7.7467823
3115,28.47126
3116,17.267729
3117,5.0909014
3118,17.398592
3119,1.0
3120,8.112085
3121,20.316967
3122,3.9279146
3123,7.1285696
3124,15.977303
3125,19.222095
3126,4.1481833
3127,10.592427
3128,8.420143
3129,13.22565
3130,5.2907944
3131,7.2595162
3132,8.457808
3133,20.978523
3134,29.717342
3135,27.55782
3136,8.686544
3137,13.740914
3138,2.5308895
3139,23.314186
3140,24.255644
3141,18.14503
3142,28.82855
3143,25.519264
3144,26.807365
3145,2.01469
3146,10.755527
3147,9.515412
3148,6.44621
3149,3.145366
3150,12.230701
3151,26.145971
3152,11.67201
3153,11.333274
3154,19.072824
3155,16.05621
3156,26.954227
3157,19.71499
3158,27.05228
3159,4.4365044
3160,6.735463
3161,16.795324
3162,5.189934
3163,2.811613
3164,28.978151
3165,1.859858
3166,1.6408892
3167,7.8475156
3168,23.42548
3169,7.573939
3170,3.433919
3171,3.3556175
3172,2.2074451
3173,35.561882
3174,9.2991295
3175,10.940826
3176,17.050371
3177,1.0
3178,15.139392
3179,3.375204
3180,21.4272
3181,8.674862
3182,24.825684
3183,13.252203
3184,20.33887
3185,11.328477
3186,3.581149
3187,4.4477005
3188,18.381468
3189,21.478281
3190,28.833427
3191,3.9568458
3192,4.868841
3193,35.774895
3194,4.990014
3195,8.008094
3196,16.722004
3197,2.4506073
3198,16.453773
3199,1.859858
3200,7.419939
3201,13.39595
3202,28.652554
3203,7.5483074
3204,16.792301
3205,25.272032
3206,11.334432
3207,30.918636
3208,2.2972975
3209,24.134912
3210,8.856384
3211,4.672961
3212,7.5483074
3213,38.34578
3214,15.878655
3215,9.830904
3216,17.465551
3217,22.375854
3218,17.505836
3219,10.752653
3220,16.508476
3221,23.479765
3222,5.104491
3223,7.6821194
3224,2.409226
3225,7.900154
3226,17.803925
3227,25.133118
3228,3.226048
3229,22.143898
3230,11.434225
3231,19.962944
3232,2.1388264
3233,8.634908
3234,5.579398
3235,25.51777
3236,3.5216084
3237,12.457664
3238,13.536514
3239,4.893545
3240,6.1314344
3241,18.063976
3242,22.940287
3243,9.811738
3244,13.189642
3245,3.809082
3246,2.0048761
3247,9.769951
3248,5.6727924
3249,20.491829
3250,28.023743
3251,5.798419
3252,7.9553156
3253,3.3968968
3254,17.017082
3255,10.134019
3256,18.660145
3257,1.5919228
3258,5.95622
3259,20.491829
3260,24.648975
3261,15.485105
3262,2.4185472
3263,11.527623
3264,30.499723
3265,1.0
3266,1.0
3267,6.069274
3268,29.910007
3269,10.716007
3270,4.8466196
3271,8.462804
3272,16.204838
3273,25.677458
3274,7.166848
3275,9.375944
3276,6.959342
3277,8.925655
3278,7.295204
3279,12.827175
3280,22.403372
3281,6.992947
3282,12.072206
3283,1.0
3284,9.361576
3285,14.940385
3286,10.25717
3287,2.2018461
3288,7.8791895
3289,2.9853296
3290,5.4421773
3291,25.105145
3292,27.20357
3293,1.0
3294,14.819887
3295,24.229597
3296,17.939808
3297,6.8714733
3298,10.415739
3299,6.1926556
3300,15.545202
3301,1.0
3302,6.8714733
3303,12.630899
3304,21.729578
3305,11.608114
3306,19.296833
3307,14.82645
3308,17.07603
3309,4.7121077
3310,10.343529
3311,1.9524908
3312,22.015566
3313,11.793187
3314,11.134167
3315,9.3191595
3316,22.153103
3317,13.707388
3318,24.899168
3319,36.44603
3320,7.2475195
3321,17.538004
3322,32.14451
3323,27.13992
3324,23.801044
3325,4.915378
3326,26.401443
3327,3.897582
3328,14.328444
3329,9.578777
3330,25.592731
3331,9.449062
3332,5.7933793
3333,9.503364
3334,6.7781267
3335,18.925215
3336,21.297287
3337,8.242163
3338,2.5038843
3339,12.327536
3340,32.59843
3341,6.3068943
3342,10.208789
3343,15.069452
3344,25.526327
3345,1.6179805
3346,4.9188604
3347,32.047337
3348,4.634384
3349,17.364882
3350,9.968233
3351,19.146124
3352,8.393536
3353,12.417838
3354,6.55674
3355,28.131588
3356,11.209763
3357,5.7729874
3358,19.628777
3359,1.7571154
3360,17.748032
3361,7.934653
3362,37.815876
3363,1.5029593
3364,11.050658
3365,6.817417
3366,23.377476
3367,11.050363
3368,19.298656
3369,9.667896
3370,2.5673552
3371,18.04176
3372,16.40244
3373,10.701906
3374,28.471645
3375,2.9232583
3376,10.115051
3377,13.932955
3378,25.415699
3379,3.9016392
3380,18.529898
3381,6.5143933
3382,31.727219
3383,7.567833
3384,6.374698
3385,22.302929
3386,13.582275
3387,24.951868
3388,1.0841002
3389,6.049347
3390,4.185065
3391,6.1012087
3392,10.96718
3393,6.578688
3394,9.347847
3395,16.32792
3396,12.465552
3397,15.579788
3398,20.771015
3399,4.6962175
3400,1.0
3401,16.11339
3402,25.808292
3403,1.0
3404,3.0269258
3405,17.272541
3406,35.27686
3407,1.592165
3408,1.0
3409,30.443726
3410,6.475574
3411,4.636892
3412,22.485794
3413,21.462795
3414,1.6542625
3415,19.038286
3416,21.73642
3417,8.316383
3418,8.938957
3419,11.937554
3420,8.665039
3421,22.613106
3422,6.805046
3423,3.2141194
3424,2.0103846
3425,22.319708
3426,4.8829017
3427,15.945925
3428,23.41366
3429,18.413227
3430,18.969334
3431,23.132254
3432,14.559513
3433,4.215288
3434,1.0
3435,25.614769
3436,22.961374
3437,8.213559
3438,7.7713647
3439,34.27486
3440,5.941822
3441,20.514835
3442,8.994574
3443,4.0735826
3444,1.111846
3445,2.9036815
3446,22.521603
3447,2.0302627
3448,31.635836
3449,12.034158
3450,16.91436
3451,9.378719
3452,28.91466
3453,13.431381
3454,18.801537
3455,14.305536
3456,15.180504
3457,9.32493
3458,14.44198
3459,11.596726
3460,13.109202
3461,3.1377144
3462,12.474565
3463,8.752371
3464,5.7367764
3465,10.7729225
3466,1.4550958
3467,23.329462
3468,24.904709
3469,25.766273
3470,11.863433
3471,9.924452
3472,5.3083596
3473,8.3079195
3474,11.01777
3475,7.914571
3476,16.535011
3477,1.7533505
3478,11.913027
3479,6.4963236
3480,7.7179317
3481,23.693125
3482,3.1350927
3483,14.325198
3484,6.781254
3485,20.775494
3486,8.80879
3487,5.105074
3488,25.645721
3489,17.293953
3490,6.3060656
3491,12.930032
3492,18.718082
3493,14.893549
3494,17.36385
3495,7.3462176
3496,19.034153
3497,18.505157
3498,21.887278
3499,20.543655
3500,13.970475
3501,10.966601
3502,16.885283
3503,17.87372
3504,13.717928
3505,22.654251
3506,28.422457
3507,4.723627
3508,17.671896
3509,21.49265
3510,4.837352
3511,3.7405052
3512,25.72295
3513,17.700396
3514,14.067574
3515,10.2509365
3516,6.997142
3517,7.9651113
3518,7.080536
3519,16.220438
3520,1.0
3521,1.4747529
3522,33.09358
3523,5.6478815
3524,6.742433
3525,11.498407
3526,22.19262
3527,7.658099
3528,21.173002
3529,2.0936756
3530,32.266125
3531,38.442204
3532,23.184101
3533,1.0
3534,19.80989
3535,11.880898
3536,25.983862
3537,4.2340665
3538,1.9033041
3539,27.775763
3540,7.3820558
3541,7.000007
3542,5.96836
3543,6.7345457
3544,7.8757296
3545,9.531006
3546,39.168694
3547,26.411
3548,21.562548
3549,6.2695813
3550,4.3925686
3551,6.0018563
3552,21.06661
3553,28.183178
3554,5.2652736
3555,33.09358
3556,5.9185805
3557,1.5462842
3558,24.131706
3559,14.363646
3560,7.3953094
3561,5.7835855
3562,6.8686514
3563,27.407639
3564,15.434631
3565,9.60873
3566,24.728798
3567,3.2166545
3568,24.712894
3569,5.7616057
3570,3.7661223
3571,7.498104
3572,5.1583676
3573,6.508086
3574,7.898302
3575,36.940033
3576,3.4407387
3577,3.272828
3578,13.2017
3579,7.483405
3580,13.544121
3581,11.030005
3582,14.190191
3583,3.9343452
3584,8.719952
3585,11.040735
3586,27.444626
3587,6.882013
3588,2.1487803
3589,7.432827
3590,12.84051
3591,4.1963353
3592,5.1667323
3593,1.3443031
3594,11.403694
3595,12.469598
3596,8.206336
3597,10.71256
3598,5.573286
3599,6.960611
3600,9.071356
3601,11.463518
3602,12.690435
3603,7.9485607
3604,26.75088
3605,6.847665
3606,13.872268
3607,22.82201
3608,12.978139
3609,18.555676
3610,28.453823
3611,13.609747
3612,4.4841394
3613,23.991867
3614,7.8783927
3615,6.9143124
3616,5.9341807
3617,17.160717
3618,8.176634
3619,17.487692
3620,1.0
3621,19.542278
3622,20.228764
3623,4.064534
3624,16.16819
3625,13.818148
3626,21.622679
3627,8.3478985
3628,39.743484
3629,11.536633
3630,14.306031
3631,9.178591
3632,18.19942
3633,13.917816
3634,8.728239
3635,24.419436
3636,16.977411
3637,9.454531
3638,12.308237
3639,9.215445
3640,1.2513012
3641,11.248083
3642,23.744576
3643,23.921734
3644,33.39928
3645,9.5570545
3646,15.359011
3647,12.963703
3648,8.537918
3649,20.661224
3650,1.2397814
3651,22.7695
3652,5.8645897
3653,25.557549
3654,25.687027
3655,4.816232
3656,16.57299
3657,6.974808
3658,1.0
3659,18.97237
3660,1.0
3661,38.87577
3662,7.953767
3663,3.0821772
3664,8.2414875
3665,3.8409226
3666,5.1330476
3667,5.795153
3668,1.9127245
3669,28.875229
3670,32.278145
3671,23.89097
3672,6.078773
3673,19.336502
3674,6.4550376
3675,19.346771
3676,25.530186
3677,16.512405
3678,15.377171
3679,27.663473
3680,12.426734
3681,8.329138
3682,6.8553066
3683,2.8060164
3684,7.752589
3685,7.5223618
3686,22.097815
3687,17.650951
3688,27.732239
3689,1.0
3690,18.823105
3691,5.3140364
3692,33.00209
3693,23.725094
3694,7.937245
3695,5.10198
3696,4.4795856
3697,6.0223303
3698,3.3398829
3699,4.9360304
3700,20.816374
3701,7.337852
3702,18.521214
3703,6.6827545
3704,15.465748
3705,21.247967
3706,21.651043
3707,11.167234
3708,5.8839417
3709,17.38419
3710,14.569305
3711,9.890484
3712,3.1641474
3713,32.61732
3714,23.315708
3715,11.153735
3716,18.604773
3717,32.403736
3718,9.125921
3719,3.5262938
3720,10.316881
3721,15.888469
3722,11.97966
3723,5.9407587
3724,23.81947
3725,7.2158613
3726,16.48319
3727,9.074821
3728,6.591378
3729,4.2715106
3730,5.6472244
3731,12.194018
3732,30.073063
3733,18.253952
3734,1.0
3735,19.397596
3736,15.9959545
3737,24.252726
3738,26.12138
3739,15.056118
3740,1.0
3741,3.0898132
3742,23.007057
3743,8.455471
3744,8.219257
3745,1.0
3746,20.62408
3747,5.7981396
3748,15.168102
3749,20.334717
3750,18.802141
3751,15.753071
3752,8.32572
3753,9.862483
3754,28.787281
3755,25.372147
3756,24.620842
3757,8.603868
3758,10.732877
3759,11.745301
3760,38.88232
3761,2.7363229
3762,8.149365
3763,25.798008
3764,15.551899
3765,8.233835
3766,13.769428
3767,16.213253
3768,3.1342735
3769,5.885085
3770,6.293354
3771,13.578428
3772,1.0
3773,1.0
3774,1.5904512
3775,13.811743
3776,10.644853
3777,15.389366
3778,16.019287
3779,13.9165535
3780,5.491659
3781,8.421135
3782,22.451372
3783,6.2073336
3784,9.938948
3785,20.077332
3786,12.4788475
3787,16.414913
3788,8.795124
3789,24.908712
3790,24.679346
3791,14.309483
3792,8.296576
3793,36.12946
3794,4.5780993
3795,16.927946
3796,1.0
3797,16.483984
3798,16.445293
3799,5.8477488
3800,4.070044
3801,3.2803555
3802,21.912344
3803,13.512031
3804,10.963047
3805,15.659342
3806,25.94345
3807,4.895244
3808,7.5756984
3809,9.863379
3810,21.276669
3811,5.8178587
3812,5.6891203
3813,3.8722334
3814,4.7582498
3815,18.663
3816,9.416979
3817,15.311302
3818,10.199062
3819,36.38275
3820,11.625305
3821,18.791622
3822,1.7666821
3823,4.48879
3824,8.679779
3825,15.244774
3826,18.942568
3827,6.5793347
3828,8.795258
3829,24.884798
3830,10.792373
3831,17.198696
3832,22.747421
3833,14.80134
3834,3.6579075
3835,9.92469
3836,3.4395056
3837,9.94964
3838,5.403949
3839,29.346935
3840,1.0
3841,8.094061
3842,1.9493823
3843,11.604794
3844,25.083982
3845,13.263404
3846,7.619337
3847,10.784495
3848,9.709407
3849,1.1909246
3850,11.337648
3851,2.685811
3852,5.533903
3853,14.574207
3854,21.717916
3855,9.598019
3856,7.774296
3857,5.5752616
3858,6.5846376
3859,11.796664
3860,7.881111
3861,22.063833
3862,18.717974
3863,20.51046
3864,16.546562
3865,7.9403424
3866,5.658187
3867,1.0
3868,7.004875
3869,15.730296
3870,5.0243816
3871,12.612076
3872,30.141819
3873,37.07321
3874,36.9994
3875,18.433437
3876,5.393821
3877,15.702127
3878,32.66462
3879,9.894621
3880,25.708035
3881,11.503119
3882,2.9316497
3883,35.34984
3884,24.648369
3885,13.357853
3886,14.850515
3887,20.57042
3888,23.05608
3889,5.4665937
3890,3.4595165
3891,19.702429
3892,5.6252527
3893,6.958491
3894,18.443804
3895,9.497659
3896,6.239862
3897,19.657972
3898,2.2242618
3899,24.153467
3900,17.088785
3901,9.192007
3902,2.5810022
3903,14.987501
3904,23.950695
3905,10.931409
3906,13.137494
3907,14.267292
3908,7.9497056
3909,7.9001303
3910,7.838364
3911,10.531005
3912,20.83954
3913,5.399869
3914,7.5309157
3915,7.1045046
3916,7.4319963
3917,29.285273
3918,18.491255
3919,7.104127
3920,20.570892
3921,23.702412
3922,27.417599
3923,14.181397
3924,9.635797
3925,9.250285
3926,20.678349
3927,10.985516
3928,13.367051
3929,16.972382
3930,28.502508
3931,8.188043
3932,6.4708643
3933,18.304022
3934,7.1143246
3935,5.553998
3936,8.685043
3937,18.49569
3938,7.596851
3939,4.2026796
3940,22.578165
3941,13.465021
3942,14.329695
3943,36.804424
3944,14.565959
3945,17.500347
3946,4.5717325
3947,4.2026796
3948,21.135296
3949,9.542037
3950,7.104127
3951,4.799288
3952,1.038228
3953,14.381046
3954,6.737221
3955,7.3506927
3956,23.604034
3957,23.076105
3958,8.772786
3959,7.0714464
